label,mae_rf,r2_rf,mae_xgb,r2_xgb
Api,14438278.819093352,0.4688317420843796,13064303.0,0.4799622893333435
